,0
0.0,0.0150390625
1.001001001001001e-09,0.015234375000000001
2.002002002002002e-09,0.015185546874999999
3.003003003003003e-09,0.015185546874999999
4.004004004004004e-09,0.015087890625
5.005005005005004e-09,0.015185546874999999
6.006006006006006e-09,0.015087890625
7.0070070070070065e-09,0.015087890625
8.008008008008007e-09,0.015234375000000001
9.009009009009009e-09,0.01513671875
1.0010010010010009e-08,0.015234375000000001
1.101101101101101e-08,0.0150390625
1.2012012012012012e-08,0.01513671875
1.3013013013013011e-08,0.015185546874999999
1.4014014014014013e-08,0.01513671875
1.5015015015015013e-08,0.014990234375000001
1.6016016016016014e-08,0.01513671875
1.7017017017017016e-08,0.0150390625
1.8018018018018017e-08,0.0150390625
1.9019019019019016e-08,0.015185546874999999
2.0020020020020017e-08,0.01513671875
2.102102102102102e-08,0.0150390625
2.202202202202202e-08,0.0150390625
2.3023023023023022e-08,0.014990234375000001
2.4024024024024023e-08,0.015234375000000001
2.502502502502502e-08,0.015234375000000001
2.6026026026026023e-08,0.015185546874999999
2.7027027027027024e-08,0.015185546874999999
2.8028028028028026e-08,0.01513671875
2.9029029029029028e-08,0.0150390625
3.0030030030030026e-08,0.01513671875
3.103103103103103e-08,0.014990234375000001
3.203203203203203e-08,0.015087890625
3.303303303303303e-08,0.01513671875
3.403403403403403e-08,0.015234375000000001
3.503503503503503e-08,0.015185546874999999
3.6036036036036035e-08,0.01513671875
3.7037037037037036e-08,0.0150390625
3.803803803803803e-08,0.014990234375000001
3.903903903903903e-08,0.015087890625
4.0040040040040034e-08,0.01513671875
4.1041041041041036e-08,0.01513671875
4.204204204204204e-08,0.0150390625
4.304304304304304e-08,0.0150390625
4.404404404404404e-08,0.015185546874999999
4.504504504504504e-08,0.01513671875
4.6046046046046043e-08,0.0150390625
4.7047047047047045e-08,0.015087890625
4.8048048048048046e-08,0.0150390625
4.904904904904904e-08,0.01513671875
5.005005005005004e-08,0.01513671875
5.1051051051051044e-08,0.01513671875
5.2052052052052046e-08,0.01513671875
5.305305305305305e-08,0.015087890625
5.405405405405405e-08,0.014990234375000001
5.505505505505505e-08,0.014990234375000001
5.605605605605605e-08,0.01513671875
5.7057057057057053e-08,0.01513671875
5.8058058058058055e-08,0.015087890625
5.905905905905905e-08,0.015087890625
6.006006006006005e-08,0.0150390625
6.106106106106106e-08,0.015234375000000001
6.206206206206205e-08,0.015185546874999999
6.306306306306306e-08,0.0150390625
6.406406406406406e-08,0.01513671875
6.506506506506505e-08,0.015185546874999999
6.606606606606606e-08,0.015087890625
6.706706706706706e-08,0.0150390625
6.806806806806806e-08,0.014990234375000001
6.906906906906906e-08,0.01513671875
7.007007007007007e-08,0.015087890625
7.107107107107106e-08,0.015087890625
7.207207207207207e-08,0.0150390625
7.307307307307306e-08,0.015087890625
7.407407407407407e-08,0.015087890625
7.507507507507507e-08,0.015087890625
7.607607607607606e-08,0.01513671875
7.707707707707707e-08,0.01494140625
7.807807807807807e-08,0.0150390625
7.907907907907907e-08,0.015087890625
8.008008008008007e-08,0.0150390625
8.108108108108108e-08,0.015185546874999999
8.208208208208207e-08,0.015185546874999999
8.308308308308308e-08,0.015087890625
8.408408408408407e-08,0.01513671875
8.508508508508508e-08,0.015185546874999999
8.608608608608608e-08,0.015185546874999999
8.708708708708707e-08,0.015380859375
8.808808808808808e-08,0.016650390625
8.908908908908908e-08,0.019824218750000004
9.009009009009008e-08,0.025732421875
9.109109109109108e-08,0.032958984375
9.209209209209209e-08,0.040478515625
9.309309309309308e-08,0.047998046875
9.409409409409409e-08,0.055859374999999996
9.509509509509508e-08,0.0634765625
9.609609609609609e-08,0.0712890625
9.709709709709709e-08,0.07939453125000001
9.809809809809808e-08,0.08720703125
9.909909909909909e-08,0.094873046875
1.0010010010010009e-07,0.10283203125
1.011011011011011e-07,0.1107421875
1.0210210210210209e-07,0.11845703125000001
1.031031031031031e-07,0.126171875
1.0410410410410409e-07,0.1341796875
1.051051051051051e-07,0.14228515625
1.061061061061061e-07,0.15068359375
1.0710710710710709e-07,0.15874023437499998
1.081081081081081e-07,0.165673828125
1.0910910910910909e-07,0.17050781250000002
1.101101101101101e-07,0.172900390625
1.111111111111111e-07,0.17421875
1.121121121121121e-07,0.175244140625
1.131131131131131e-07,0.1759765625
1.1411411411411411e-07,0.1767578125
1.151151151151151e-07,0.177490234375
1.1611611611611611e-07,0.17832031250000002
1.171171171171171e-07,0.17900390625
1.181181181181181e-07,0.17954101562500002
1.1911911911911911e-07,0.17988281250000002
1.201201201201201e-07,0.180078125
1.211211211211211e-07,0.18061523437500002
1.2212212212212212e-07,0.181201171875
1.231231231231231e-07,0.181884765625
1.241241241241241e-07,0.182421875
1.2512512512512512e-07,0.182861328125
1.2612612612612613e-07,0.18305664062500002
1.271271271271271e-07,0.18315429687499998
1.2812812812812811e-07,0.18334960937500003
1.2912912912912912e-07,0.18349609374999998
1.301301301301301e-07,0.183740234375
1.311311311311311e-07,0.183740234375
1.3213213213213212e-07,0.18393554687500002
1.3313313313313313e-07,0.184033203125
1.341341341341341e-07,0.184033203125
1.3513513513513512e-07,0.18393554687500002
1.3613613613613613e-07,0.183642578125
1.3713713713713714e-07,0.18354492187500002
1.3813813813813812e-07,0.18388671875
1.3913913913913913e-07,0.1841796875
1.4014014014014013e-07,0.18442382812500002
1.4114114114114111e-07,0.18466796875
1.4214214214214212e-07,0.184619140625
1.4314314314314313e-07,0.18476562500000002
1.4414414414414414e-07,0.18476562500000002
1.4514514514514512e-07,0.184814453125
1.4614614614614613e-07,0.18471679687499998
1.4714714714714714e-07,0.184814453125
1.4814814814814815e-07,0.185009765625
1.4914914914914913e-07,0.18486328125
1.5015015015015014e-07,0.18486328125
1.5115115115115114e-07,0.1849609375
1.5215215215215212e-07,0.18486328125
1.5315315315315313e-07,0.184912109375
1.5415415415415414e-07,0.184912109375
1.5515515515515515e-07,0.18505859375
1.5615615615615613e-07,0.18486328125
1.5715715715715714e-07,0.18505859375
1.5815815815815815e-07,0.185009765625
1.5915915915915916e-07,0.185302734375
1.6016016016016014e-07,0.185107421875
1.6116116116116115e-07,0.18525390625
1.6216216216216215e-07,0.18525390625
1.6316316316316314e-07,0.185302734375
1.6416416416416414e-07,0.18525390625
1.6516516516516515e-07,0.185205078125
1.6616616616616616e-07,0.185302734375
1.6716716716716714e-07,0.185302734375
1.6816816816816815e-07,0.185400390625
1.6916916916916916e-07,0.18525390625
1.7017017017017017e-07,0.18525390625
1.7117117117117115e-07,0.185302734375
1.7217217217217216e-07,0.185400390625
1.7317317317317316e-07,0.1853515625
1.7417417417417415e-07,0.185302734375
1.7517517517517515e-07,0.185302734375
1.7617617617617616e-07,0.185546875
1.7717717717717717e-07,0.1853515625
1.7817817817817815e-07,0.185400390625
1.7917917917917916e-07,0.185302734375
1.8018018018018017e-07,0.18544921875000003
1.8118118118118118e-07,0.1853515625
1.8218218218218216e-07,0.1853515625
1.8318318318318317e-07,0.1853515625
1.8418418418418417e-07,0.1853515625
1.8518518518518516e-07,0.185546875
1.8618618618618616e-07,0.18544921875000003
1.8718718718718717e-07,0.18544921875000003
1.8818818818818818e-07,0.185400390625
1.8918918918918916e-07,0.185546875
1.9019019019019017e-07,0.185546875
1.9119119119119118e-07,0.18549804687500002
1.9219219219219219e-07,0.185546875
1.9319319319319317e-07,0.18559570312499998
1.9419419419419418e-07,0.18559570312499998
1.9519519519519518e-07,0.18549804687500002
1.9619619619619617e-07,0.18564453125000002
1.9719719719719717e-07,0.185546875
1.9819819819819818e-07,0.1857421875
1.991991991991992e-07,0.185546875
2.0020020020020017e-07,0.185546875
2.0120120120120118e-07,0.18564453125000002
2.022022022022022e-07,0.185693359375
2.0320320320320317e-07,0.1857421875
2.0420420420420418e-07,0.185546875
2.0520520520520519e-07,0.185693359375
2.062062062062062e-07,0.185693359375
2.0720720720720718e-07,0.18579101562500003
2.0820820820820818e-07,0.18579101562500003
2.092092092092092e-07,0.18583984375
2.102102102102102e-07,0.18593749999999998
2.1121121121121118e-07,0.18583984375
2.122122122122122e-07,0.18579101562500003
2.132132132132132e-07,0.185693359375
2.1421421421421418e-07,0.1857421875
2.152152152152152e-07,0.185888671875
2.162162162162162e-07,0.1857421875
2.172172172172172e-07,0.18583984375
2.1821821821821819e-07,0.185888671875
2.192192192192192e-07,0.18583984375
2.202202202202202e-07,0.18579101562500003
2.212212212212212e-07,0.1857421875
2.222222222222222e-07,0.18583984375
2.232232232232232e-07,0.18593749999999998
2.242242242242242e-07,0.18583984375
2.252252252252252e-07,0.18593749999999998
2.262262262262262e-07,0.185888671875
2.272272272272272e-07,0.185693359375
2.2822822822822821e-07,0.18583984375
2.292292292292292e-07,0.18583984375
2.302302302302302e-07,0.1857421875
2.312312312312312e-07,0.18593749999999998
2.3223223223223222e-07,0.18583984375
2.332332332332332e-07,0.18598632812500002
2.342342342342342e-07,0.18593749999999998
2.3523523523523522e-07,0.18598632812500002
2.362362362362362e-07,0.18593749999999998
2.372372372372372e-07,0.18603515625
2.3823823823823822e-07,0.18579101562500003
2.392392392392392e-07,0.18603515625
2.402402402402402e-07,0.18598632812500002
2.4124124124124124e-07,0.18598632812500002
2.422422422422422e-07,0.18603515625
2.432432432432432e-07,0.18598632812500002
2.4424424424424424e-07,0.18593749999999998
2.452452452452452e-07,0.186083984375
2.462462462462462e-07,0.18603515625
2.4724724724724724e-07,0.186083984375
2.482482482482482e-07,0.18598632812500002
2.492492492492492e-07,0.18603515625
2.5025025025025023e-07,0.18603515625
2.512512512512512e-07,0.186083984375
2.5225225225225225e-07,0.185888671875
2.5325325325325323e-07,0.1861328125
2.542542542542542e-07,0.18598632812500002
2.5525525525525525e-07,0.18598632812500002
2.5625625625625623e-07,0.18598632812500002
2.572572572572572e-07,0.18603515625
2.5825825825825825e-07,0.186083984375
2.5925925925925923e-07,0.18603515625
2.602602602602602e-07,0.18603515625
2.6126126126126124e-07,0.1861328125
2.622622622622622e-07,0.18598632812500002
2.6326326326326326e-07,0.18598632812500002
2.6426426426426424e-07,0.18623046875
2.652652652652652e-07,0.186181640625
2.6626626626626626e-07,0.186181640625
2.6726726726726724e-07,0.186083984375
2.682682682682682e-07,0.18603515625
2.6926926926926926e-07,0.186181640625
2.7027027027027024e-07,0.186083984375
2.712712712712712e-07,0.18623046875
2.7227227227227225e-07,0.186181640625
2.7327327327327324e-07,0.1861328125
2.7427427427427427e-07,0.18603515625
2.7527527527527525e-07,0.186083984375
2.7627627627627623e-07,0.18603515625
2.7727727727727727e-07,0.1861328125
2.7827827827827825e-07,0.1861328125
2.7927927927927923e-07,0.1861328125
2.8028028028028027e-07,0.1861328125
2.8128128128128125e-07,0.186279296875
2.8228228228228223e-07,0.186181640625
2.8328328328328326e-07,0.186083984375
2.8428428428428425e-07,0.186181640625
2.852852852852853e-07,0.1861328125
2.8628628628628626e-07,0.186181640625
2.8728728728728724e-07,0.1861328125
2.882882882882883e-07,0.18623046875
2.8928928928928926e-07,0.18642578125
2.9029029029029024e-07,0.18623046875
2.912912912912913e-07,0.186181640625
2.9229229229229226e-07,0.186279296875
2.9329329329329324e-07,0.18623046875
2.942942942942943e-07,0.1861328125
2.9529529529529526e-07,0.18623046875
2.962962962962963e-07,0.18623046875
2.9729729729729727e-07,0.186181640625
2.9829829829829825e-07,0.18637695312500002
2.992992992992993e-07,0.18623046875
3.0030030030030027e-07,0.186328125
3.0130130130130125e-07,0.186181640625
3.023023023023023e-07,0.1861328125
3.0330330330330327e-07,0.18623046875
3.0430430430430425e-07,0.18623046875
3.053053053053053e-07,0.186181640625
3.0630630630630627e-07,0.1861328125
3.073073073073073e-07,0.186181640625
3.083083083083083e-07,0.186279296875
3.0930930930930926e-07,0.186279296875
3.103103103103103e-07,0.186181640625
3.113113113113113e-07,0.186279296875
3.1231231231231226e-07,0.18637695312500002
3.133133133133133e-07,0.186328125
3.143143143143143e-07,0.186328125
3.1531531531531526e-07,0.18642578125
3.163163163163163e-07,0.18623046875
3.173173173173173e-07,0.186474609375
3.183183183183183e-07,0.18642578125
3.193193193193193e-07,0.186474609375
3.203203203203203e-07,0.186279296875
3.213213213213213e-07,0.18642578125
3.223223223223223e-07,0.186279296875
3.2332332332332327e-07,0.186279296875
3.243243243243243e-07,0.186328125
3.253253253253253e-07,0.1865234375
3.2632632632632627e-07,0.18642578125
3.273273273273273e-07,0.186328125
3.283283283283283e-07,0.18637695312500002
3.293293293293293e-07,0.18642578125
3.303303303303303e-07,0.186572265625
3.313313313313313e-07,0.186474609375
3.323323323323323e-07,0.186474609375
3.333333333333333e-07,0.18637695312500002
3.343343343343343e-07,0.18642578125
3.353353353353353e-07,0.186474609375
3.363363363363363e-07,0.18642578125
3.373373373373373e-07,0.18642578125
3.383383383383383e-07,0.1865234375
3.393393393393393e-07,0.18642578125
3.4034034034034033e-07,0.1865234375
3.413413413413413e-07,0.18642578125
3.423423423423423e-07,0.1865234375
3.4334334334334333e-07,0.18642578125
3.443443443443443e-07,0.186328125
3.453453453453453e-07,0.18666992187500003
3.4634634634634633e-07,0.18666992187500003
3.473473473473473e-07,0.186474609375
3.483483483483483e-07,0.186572265625
3.493493493493493e-07,0.186572265625
3.503503503503503e-07,0.18642578125
3.5135135135135134e-07,0.18642578125
3.523523523523523e-07,0.1865234375
3.533533533533533e-07,0.1865234375
3.5435435435435434e-07,0.18662109375
3.553553553553553e-07,0.186474609375
3.563563563563563e-07,0.1865234375
3.5735735735735734e-07,0.1865234375
3.583583583583583e-07,0.18642578125
3.593593593593593e-07,0.186572265625
3.6036036036036033e-07,0.186572265625
3.613613613613613e-07,0.18666992187500003
3.6236236236236235e-07,0.1865234375
3.6336336336336333e-07,0.1865234375
3.643643643643643e-07,0.186572265625
3.6536536536536535e-07,0.1865234375
3.6636636636636633e-07,0.186572265625
3.673673673673673e-07,0.186474609375
3.6836836836836835e-07,0.18662109375
3.6936936936936933e-07,0.18662109375
3.703703703703703e-07,0.186572265625
3.7137137137137135e-07,0.186572265625
3.7237237237237233e-07,0.1865234375
3.7337337337337336e-07,0.18671875000000002
3.7437437437437434e-07,0.186474609375
3.753753753753753e-07,0.1865234375
3.7637637637637636e-07,0.18666992187500003
3.7737737737737734e-07,0.18671875000000002
3.783783783783783e-07,0.18666992187500003
3.7937937937937936e-07,0.18662109375
3.8038038038038034e-07,0.186572265625
3.813813813813813e-07,0.18671875000000002
3.8238238238238236e-07,0.18662109375
3.8338338338338334e-07,0.18662109375
3.8438438438438437e-07,0.18671875000000002
3.8538538538538535e-07,0.18671875000000002
3.8638638638638633e-07,0.18666992187500003
3.8738738738738737e-07,0.186767578125
3.8838838838838835e-07,0.18662109375
3.8938938938938933e-07,0.18662109375
3.9039039039039037e-07,0.18671875000000002
3.9139139139139135e-07,0.18671875000000002
3.9239239239239233e-07,0.18681640624999998
3.9339339339339337e-07,0.18671875000000002
3.9439439439439435e-07,0.186767578125
3.9539539539539533e-07,0.18662109375
3.9639639639639636e-07,0.18662109375
3.9739739739739734e-07,0.186572265625
3.983983983983984e-07,0.18662109375
3.9939939939939936e-07,0.186767578125
4.0040040040040034e-07,0.18671875000000002
4.014014014014014e-07,0.18671875000000002
4.0240240240240236e-07,0.18662109375
4.0340340340340334e-07,0.186572265625
4.044044044044044e-07,0.18662109375
4.0540540540540536e-07,0.18666992187500003
4.0640640640640634e-07,0.18671875000000002
4.0740740740740737e-07,0.186767578125
4.0840840840840835e-07,0.186767578125
4.094094094094094e-07,0.186767578125
4.1041041041041037e-07,0.18686523437500002
4.1141141141141135e-07,0.186767578125
4.124124124124124e-07,0.18662109375
4.1341341341341337e-07,0.186767578125
4.1441441441441435e-07,0.186767578125
4.154154154154154e-07,0.18666992187500003
4.1641641641641637e-07,0.18671875000000002
4.1741741741741735e-07,0.18681640624999998
4.184184184184184e-07,0.18686523437500002
4.1941941941941937e-07,0.18681640624999998
4.204204204204204e-07,0.18671875000000002
4.214214214214214e-07,0.1869140625
4.2242242242242236e-07,0.18681640624999998
4.234234234234234e-07,0.18681640624999998
4.244244244244244e-07,0.186767578125
4.2542542542542536e-07,0.186962890625
4.264264264264264e-07,0.18686523437500002
4.274274274274274e-07,0.186767578125
4.2842842842842836e-07,0.18686523437500002
4.294294294294294e-07,0.18671875000000002
4.304304304304304e-07,0.18686523437500002
4.314314314314314e-07,0.18681640624999998
4.324324324324324e-07,0.18686523437500002
4.3343343343343337e-07,0.1869140625
4.344344344344344e-07,0.18686523437500002
4.354354354354354e-07,0.18686523437500002
4.3643643643643637e-07,0.186767578125
4.374374374374374e-07,0.18686523437500002
4.384384384384384e-07,0.18671875000000002
4.3943943943943937e-07,0.1869140625
4.404404404404404e-07,0.18681640624999998
4.414414414414414e-07,0.1869140625
4.424424424424424e-07,0.18686523437500002
4.434434434434434e-07,0.1869140625
4.444444444444444e-07,0.18681640624999998
4.454454454454454e-07,0.186962890625
4.464464464464464e-07,0.18686523437500002
4.474474474474474e-07,0.18686523437500002
4.484484484484484e-07,0.1869140625
4.494494494494494e-07,0.186962890625
4.504504504504504e-07,0.18686523437500002
4.514514514514514e-07,0.1869140625
4.524524524524524e-07,0.18686523437500002
4.5345345345345343e-07,0.186962890625
4.544544544544544e-07,0.18686523437500002
4.554554554554554e-07,0.187060546875
4.5645645645645643e-07,0.18686523437500002
4.574574574574574e-07,0.187060546875
4.584584584584584e-07,0.187060546875
4.594594594594594e-07,0.1869140625
4.604604604604604e-07,0.186767578125
4.614614614614614e-07,0.18686523437500002
4.624624624624624e-07,0.18686523437500002
4.634634634634634e-07,0.18701171875000003
4.6446446446446444e-07,0.18681640624999998
4.654654654654654e-07,0.1869140625
4.664664664664664e-07,0.186962890625
4.6746746746746744e-07,0.18686523437500002
4.684684684684684e-07,0.1869140625
4.694694694694694e-07,0.186962890625
4.7047047047047044e-07,0.18686523437500002
4.714714714714714e-07,0.18681640624999998
4.724724724724724e-07,0.1869140625
4.7347347347347343e-07,0.1869140625
4.744744744744744e-07,0.18701171875000003
4.7547547547547545e-07,0.18686523437500002
4.7647647647647643e-07,0.1869140625
4.774774774774775e-07,0.18701171875000003
4.784784784784784e-07,0.1869140625
4.794794794794794e-07,0.18686523437500002
4.804804804804804e-07,0.1869140625
4.814814814814814e-07,0.18701171875000003
4.824824824824825e-07,0.1869140625
4.834834834834835e-07,0.1869140625
4.844844844844844e-07,0.18701171875000003
4.854854854854854e-07,0.18701171875000003
4.864864864864864e-07,0.1869140625
4.874874874874874e-07,0.18701171875000003
4.884884884884885e-07,0.18715820312499998
4.894894894894895e-07,0.18715820312499998
4.904904904904904e-07,0.18715820312499998
4.914914914914914e-07,0.186962890625
4.924924924924924e-07,0.1869140625
4.934934934934935e-07,0.18681640624999998
4.944944944944945e-07,0.186962890625
4.954954954954955e-07,0.1869140625
4.964964964964964e-07,0.187109375
4.974974974974974e-07,0.187060546875
4.984984984984984e-07,0.186962890625
4.994994994994995e-07,0.186962890625
5.005005005005005e-07,0.1869140625
5.015015015015014e-07,0.18701171875000003
5.025025025025024e-07,0.186962890625
5.035035035035034e-07,0.18686523437500002
5.045045045045045e-07,0.187109375
5.055055055055055e-07,0.187060546875
5.065065065065065e-07,0.186962890625
5.075075075075074e-07,0.18701171875000003
5.085085085085084e-07,0.18681640624999998
5.095095095095094e-07,0.1869140625
5.105105105105105e-07,0.18686523437500002
5.115115115115115e-07,0.18701171875000003
5.125125125125125e-07,0.1869140625
5.135135135135134e-07,0.18701171875000003
5.145145145145144e-07,0.187060546875
5.155155155155155e-07,0.186962890625
5.165165165165165e-07,0.18701171875000003
5.175175175175175e-07,0.186962890625
5.185185185185185e-07,0.186962890625
5.195195195195194e-07,0.1869140625
5.205205205205204e-07,0.18701171875000003
5.215215215215215e-07,0.1869140625
5.225225225225225e-07,0.187060546875
5.235235235235235e-07,0.186962890625
5.245245245245245e-07,0.187060546875
5.255255255255254e-07,0.1869140625
5.265265265265265e-07,0.187109375
5.275275275275275e-07,0.187109375
5.285285285285285e-07,0.187060546875
5.295295295295295e-07,0.187060546875
5.305305305305304e-07,0.187109375
5.315315315315314e-07,0.18701171875000003
5.325325325325325e-07,0.18701171875000003
5.335335335335335e-07,0.187060546875
5.345345345345345e-07,0.187060546875
5.355355355355355e-07,0.18701171875000003
5.365365365365364e-07,0.18715820312499998
5.375375375375375e-07,0.187109375
5.385385385385385e-07,0.187109375
5.395395395395395e-07,0.1869140625
5.405405405405405e-07,0.186962890625
5.415415415415415e-07,0.187109375
5.425425425425424e-07,0.18701171875000003
5.435435435435435e-07,0.186962890625
5.445445445445445e-07,0.187060546875
5.455455455455455e-07,0.18720703125000002
5.465465465465465e-07,0.187109375
5.475475475475475e-07,0.186962890625
5.485485485485485e-07,0.186962890625
5.495495495495495e-07,0.187060546875
5.505505505505505e-07,0.18701171875000003
5.515515515515515e-07,0.18720703125000002
5.525525525525525e-07,0.187109375
5.535535535535534e-07,0.18715820312499998
5.545545545545545e-07,0.187109375
5.555555555555555e-07,0.187109375
5.565565565565565e-07,0.187109375
5.575575575575575e-07,0.18715820312499998
5.585585585585585e-07,0.18720703125000002
5.595595595595596e-07,0.18715820312499998
5.605605605605605e-07,0.18720703125000002
5.615615615615615e-07,0.187255859375
5.625625625625625e-07,0.187109375
5.635635635635635e-07,0.187060546875
5.645645645645645e-07,0.18701171875000003
5.655655655655655e-07,0.18720703125000002
5.665665665665665e-07,0.187109375
5.675675675675675e-07,0.187353515625
5.685685685685685e-07,0.187255859375
5.695695695695695e-07,0.187255859375
5.705705705705706e-07,0.18715820312499998
5.715715715715715e-07,0.18720703125000002
5.725725725725725e-07,0.18715820312499998
5.735735735735735e-07,0.187255859375
5.745745745745745e-07,0.187060546875
5.755755755755755e-07,0.187060546875
5.765765765765766e-07,0.187109375
5.775775775775775e-07,0.18715820312499998
5.785785785785785e-07,0.18720703125000002
5.795795795795795e-07,0.187255859375
5.805805805805805e-07,0.18715820312499998
5.815815815815816e-07,0.187255859375
5.825825825825826e-07,0.18715820312499998
5.835835835835835e-07,0.187109375
5.845845845845845e-07,0.187255859375
5.855855855855855e-07,0.18720703125000002
5.865865865865865e-07,0.187255859375
5.875875875875876e-07,0.18715820312499998
5.885885885885885e-07,0.18720703125000002
5.895895895895895e-07,0.18715820312499998
5.905905905905905e-07,0.187255859375
5.915915915915915e-07,0.187255859375
5.925925925925926e-07,0.18720703125000002
5.935935935935936e-07,0.187353515625
5.945945945945945e-07,0.187353515625
5.955955955955955e-07,0.187255859375
5.965965965965965e-07,0.18715820312499998
5.975975975975975e-07,0.187353515625
5.985985985985986e-07,0.18720703125000002
5.995995995995996e-07,0.18715820312499998
6.006006006006005e-07,0.187255859375
6.016016016016015e-07,0.187109375
6.026026026026025e-07,0.1873046875
6.036036036036036e-07,0.187109375
6.046046046046046e-07,0.187060546875
6.056056056056056e-07,0.18715820312499998
6.066066066066065e-07,0.187109375
6.076076076076075e-07,0.18686523437500002
6.086086086086085e-07,0.1857421875
6.096096096096096e-07,0.18232421875000002
6.106106106106106e-07,0.1763671875
6.116116116116116e-07,0.169384765625
6.126126126126125e-07,0.16181640625
6.136136136136135e-07,0.154248046875
6.146146146146146e-07,0.14658203125
6.156156156156156e-07,0.138671875
6.166166166166166e-07,0.130908203125
6.176176176176175e-07,0.123193359375
6.186186186186185e-07,0.115185546875
6.196196196196195e-07,0.10712890625
6.206206206206206e-07,0.099365234375
6.216216216216216e-07,0.091845703125
6.226226226226226e-07,0.08388671875
6.236236236236235e-07,0.07607421875
6.246246246246245e-07,0.068359375
6.256256256256256e-07,0.060205078125
6.266266266266266e-07,0.051953125
6.276276276276276e-07,0.043750000000000004
6.286286286286286e-07,0.036669921875
6.296296296296295e-07,0.031787109375
6.306306306306305e-07,0.029199218750000002
6.316316316316316e-07,0.028222656250000002
6.326326326326326e-07,0.027197265625
6.336336336336336e-07,0.02666015625
6.346346346346346e-07,0.025732421875
6.356356356356355e-07,0.025
6.366366366366366e-07,0.024169921875
6.376376376376376e-07,0.0234375
6.386386386386386e-07,0.02275390625
6.396396396396396e-07,0.022705078125
6.406406406406405e-07,0.022412109375
6.416416416416415e-07,0.021826171874999998
6.426426426426426e-07,0.021337890625
6.436436436436436e-07,0.0205078125
6.446446446446446e-07,0.019921875
6.456456456456456e-07,0.019677734375000002
6.466466466466465e-07,0.0193359375
6.476476476476476e-07,0.019287109375
6.486486486486486e-07,0.019287109375
6.496496496496496e-07,0.019140625
6.506506506506506e-07,0.018701171875
6.516516516516516e-07,0.018603515625
6.526526526526525e-07,0.0185546875
6.536536536536536e-07,0.018408203125
6.546546546546546e-07,0.018505859375
6.556556556556556e-07,0.018457031250000002
6.566566566566566e-07,0.018701171875
6.576576576576576e-07,0.018798828125
6.586586586586586e-07,0.0185546875
6.596596596596596e-07,0.018115234375
6.606606606606606e-07,0.01806640625
6.616616616616616e-07,0.01787109375
6.626626626626626e-07,0.017724609375
6.636636636636636e-07,0.0177734375
6.646646646646646e-07,0.01767578125
6.656656656656656e-07,0.0177734375
6.666666666666666e-07,0.017724609375
6.676676676676676e-07,0.017626953125
6.686686686686686e-07,0.017578125
6.696696696696697e-07,0.017431640625
6.706706706706706e-07,0.0173828125
6.716716716716716e-07,0.017529296875
6.726726726726726e-07,0.01767578125
6.736736736736736e-07,0.017724609375
6.746746746746746e-07,0.017626953125
6.756756756756756e-07,0.01748046875
6.766766766766766e-07,0.01748046875
6.776776776776776e-07,0.017431640625
6.786786786786786e-07,0.01728515625
6.796796796796796e-07,0.0173828125
6.806806806806807e-07,0.0173828125
6.816816816816816e-07,0.0173828125
6.826826826826826e-07,0.017431640625
6.836836836836836e-07,0.0173828125
6.846846846846846e-07,0.01728515625
6.856856856856856e-07,0.017138671875
6.866866866866867e-07,0.01708984375
6.876876876876876e-07,0.0171875
6.886886886886886e-07,0.017236328125000002
6.896896896896896e-07,0.0171875
6.906906906906906e-07,0.01728515625
6.916916916916917e-07,0.01708984375
6.926926926926927e-07,0.017236328125000002
6.936936936936936e-07,0.0171875
6.946946946946946e-07,0.017138671875
6.956956956956956e-07,0.017138671875
6.966966966966966e-07,0.017138671875
6.976976976976977e-07,0.01728515625
6.986986986986986e-07,0.01708984375
6.996996996996996e-07,0.017041015625000003
7.007007007007006e-07,0.017138671875
7.017017017017016e-07,0.0169921875
7.027027027027027e-07,0.0169921875
7.037037037037037e-07,0.016943359375
7.047047047047046e-07,0.017041015625000003
7.057057057057056e-07,0.0169921875
7.067067067067066e-07,0.017236328125000002
7.077077077077076e-07,0.017041015625000003
7.087087087087087e-07,0.017041015625000003
7.097097097097097e-07,0.017041015625000003
7.107107107107106e-07,0.01689453125
7.117117117117116e-07,0.016943359375
7.127127127127126e-07,0.017138671875
7.137137137137137e-07,0.016943359375
7.147147147147147e-07,0.017138671875
7.157157157157157e-07,0.016943359375
7.167167167167166e-07,0.0169921875
7.177177177177176e-07,0.01689453125
7.187187187187186e-07,0.016845703125
7.197197197197197e-07,0.016748046875000002
7.207207207207207e-07,0.016845703125
7.217217217217217e-07,0.017041015625000003
7.227227227227226e-07,0.016943359375
7.237237237237236e-07,0.016796875
7.247247247247247e-07,0.016845703125
7.257257257257257e-07,0.01689453125
7.267267267267267e-07,0.01689453125
7.277277277277276e-07,0.01689453125
7.287287287287286e-07,0.016845703125
7.297297297297296e-07,0.0169921875
7.307307307307307e-07,0.017041015625000003
7.317317317317317e-07,0.016796875
7.327327327327327e-07,0.016943359375
7.337337337337336e-07,0.016845703125
7.347347347347346e-07,0.01669921875
7.357357357357357e-07,0.016943359375
7.367367367367367e-07,0.016796875
7.377377377377377e-07,0.01689453125
7.387387387387387e-07,0.01689453125
7.397397397397396e-07,0.01669921875
7.407407407407406e-07,0.016748046875000002
7.417417417417417e-07,0.01669921875
7.427427427427427e-07,0.016552734375
7.437437437437437e-07,0.016650390625
7.447447447447447e-07,0.016796875
7.457457457457456e-07,0.016845703125
7.467467467467467e-07,0.016845703125
7.477477477477477e-07,0.016748046875000002
7.487487487487487e-07,0.016748046875000002
7.497497497497497e-07,0.016650390625
7.507507507507506e-07,0.01669921875
7.517517517517516e-07,0.0166015625
7.527527527527527e-07,0.016943359375
7.537537537537537e-07,0.01669921875
7.547547547547547e-07,0.016650390625
7.557557557557557e-07,0.016748046875000002
7.567567567567566e-07,0.016650390625
7.577577577577577e-07,0.016650390625
7.587587587587587e-07,0.016552734375
7.597597597597597e-07,0.0166015625
7.607607607607607e-07,0.01650390625
7.617617617617617e-07,0.016845703125
7.627627627627626e-07,0.01669921875
7.637637637637637e-07,0.01669921875
7.647647647647647e-07,0.0166015625
7.657657657657657e-07,0.0166015625
7.667667667667667e-07,0.016650390625
7.677677677677677e-07,0.016748046875000002
7.687687687687687e-07,0.01669921875
7.697697697697697e-07,0.0166015625
7.707707707707707e-07,0.016650390625
7.717717717717717e-07,0.016552734375
7.727727727727727e-07,0.01650390625
7.737737737737737e-07,0.01669921875
7.747747747747747e-07,0.016650390625
7.757757757757757e-07,0.016552734375
7.767767767767767e-07,0.0166015625
7.777777777777777e-07,0.016650390625
7.787787787787787e-07,0.016650390625
7.797797797797796e-07,0.016650390625
7.807807807807807e-07,0.016552734375
7.817817817817817e-07,0.016552734375
7.827827827827827e-07,0.01650390625
7.837837837837837e-07,0.016455078125
7.847847847847847e-07,0.01650390625
7.857857857857857e-07,0.0166015625
7.867867867867867e-07,0.016650390625
7.877877877877877e-07,0.016650390625
7.887887887887887e-07,0.01630859375
7.897897897897897e-07,0.01650390625
7.907907907907907e-07,0.01650390625
7.917917917917917e-07,0.01650390625
7.927927927927927e-07,0.016455078125
7.937937937937937e-07,0.01650390625
7.947947947947947e-07,0.016552734375
7.957957957957957e-07,0.01630859375
7.967967967967968e-07,0.01640625
7.977977977977977e-07,0.016552734375
7.987987987987987e-07,0.01640625
7.997997997997997e-07,0.01650390625
8.008008008008007e-07,0.0166015625
8.018018018018017e-07,0.01640625
8.028028028028028e-07,0.016552734375
8.038038038038037e-07,0.01640625
8.048048048048047e-07,0.016455078125
8.058058058058057e-07,0.016455078125
8.068068068068067e-07,0.0162109375
8.078078078078078e-07,0.016357421875
8.088088088088088e-07,0.016552734375
8.098098098098097e-07,0.016455078125
8.108108108108107e-07,0.01650390625
8.118118118118117e-07,0.016455078125
8.128128128128127e-07,0.016357421875
8.138138138138138e-07,0.01630859375
8.148148148148147e-07,0.016455078125
8.158158158158157e-07,0.016259765625
8.168168168168167e-07,0.01630859375
8.178178178178177e-07,0.01630859375
8.188188188188188e-07,0.01650390625
8.198198198198198e-07,0.016357421875
8.208208208208207e-07,0.01640625
8.218218218218217e-07,0.01630859375
8.228228228228227e-07,0.01630859375
8.238238238238237e-07,0.016357421875
8.248248248248248e-07,0.016455078125
8.258258258258258e-07,0.01630859375
8.268268268268267e-07,0.016357421875
8.278278278278277e-07,0.016259765625
8.288288288288287e-07,0.016357421875
8.298298298298298e-07,0.0162109375
8.308308308308308e-07,0.016357421875
8.318318318318318e-07,0.016357421875
8.328328328328327e-07,0.01630859375
8.338338338338337e-07,0.01640625
8.348348348348347e-07,0.016357421875
8.358358358358358e-07,0.01630859375
8.368368368368368e-07,0.016162109375
8.378378378378377e-07,0.01630859375
8.388388388388387e-07,0.016357421875
8.398398398398397e-07,0.016259765625
8.408408408408408e-07,0.01650390625
8.418418418418418e-07,0.01640625
8.428428428428428e-07,0.016455078125
8.438438438438437e-07,0.016162109375
8.448448448448447e-07,0.0162109375
8.458458458458457e-07,0.016259765625
8.468468468468468e-07,0.0162109375
8.478478478478478e-07,0.016162109375
8.488488488488488e-07,0.01640625
8.498498498498497e-07,0.016455078125
8.508508508508507e-07,0.016455078125
8.518518518518518e-07,0.016357421875
8.528528528528528e-07,0.016357421875
8.538538538538538e-07,0.01630859375
8.548548548548548e-07,0.0162109375
8.558558558558557e-07,0.01630859375
8.568568568568567e-07,0.016162109375
8.578578578578578e-07,0.016259765625
8.588588588588588e-07,0.01640625
8.598598598598598e-07,0.016259765625
8.608608608608608e-07,0.016357421875
8.618618618618617e-07,0.0162109375
8.628628628628628e-07,0.0162109375
8.638638638638638e-07,0.01630859375
8.648648648648648e-07,0.016357421875
8.658658658658658e-07,0.016357421875
8.668668668668667e-07,0.016357421875
8.678678678678677e-07,0.016162109375
8.688688688688688e-07,0.0162109375
8.698698698698698e-07,0.0162109375
8.708708708708708e-07,0.0162109375
8.718718718718718e-07,0.016162109375
8.728728728728727e-07,0.016259765625
8.738738738738738e-07,0.016357421875
8.748748748748748e-07,0.0162109375
8.758758758758758e-07,0.016162109375
8.768768768768768e-07,0.016064453125
8.778778778778778e-07,0.0162109375
8.788788788788787e-07,0.016259765625
8.798798798798798e-07,0.016162109375
8.808808808808808e-07,0.016064453125
8.818818818818818e-07,0.01611328125
8.828828828828828e-07,0.016259765625
8.838838838838838e-07,0.016357421875
8.848848848848848e-07,0.01630859375
8.858858858858858e-07,0.0162109375
8.868868868868868e-07,0.01630859375
8.878878878878878e-07,0.016259765625
8.888888888888888e-07,0.01630859375
8.898898898898897e-07,0.016064453125
8.908908908908908e-07,0.016259765625
8.918918918918918e-07,0.016162109375
8.928928928928928e-07,0.01611328125
8.938938938938938e-07,0.016162109375
8.948948948948948e-07,0.01611328125
8.958958958958958e-07,0.01611328125
8.968968968968968e-07,0.016162109375
8.978978978978978e-07,0.01630859375
8.988988988988988e-07,0.016259765625
8.998998998998998e-07,0.0162109375
9.009009009009008e-07,0.016162109375
9.019019019019018e-07,0.0162109375
9.029029029029028e-07,0.016015625000000002
9.039039039039038e-07,0.016064453125
9.049049049049048e-07,0.01611328125
9.059059059059058e-07,0.01611328125
9.069069069069069e-07,0.016162109375
9.079079079079078e-07,0.01611328125
9.089089089089088e-07,0.016015625000000002
9.099099099099098e-07,0.01611328125
9.109109109109108e-07,0.01611328125
9.119119119119118e-07,0.016162109375
9.129129129129129e-07,0.016162109375
9.139139139139138e-07,0.016259765625
9.149149149149148e-07,0.016357421875
9.159159159159158e-07,0.01611328125
9.169169169169168e-07,0.016162109375
9.179179179179179e-07,0.01611328125
9.189189189189189e-07,0.016064453125
9.199199199199198e-07,0.016259765625
9.209209209209208e-07,0.016162109375
9.219219219219218e-07,0.01611328125
9.229229229229228e-07,0.016064453125
9.239239239239239e-07,0.016064453125
9.249249249249248e-07,0.0162109375
9.259259259259258e-07,0.01611328125
9.269269269269268e-07,0.016162109375
9.279279279279278e-07,0.016162109375
9.289289289289289e-07,0.016162109375
9.299299299299299e-07,0.016162109375
9.309309309309308e-07,0.01611328125
9.319319319319318e-07,0.01611328125
9.329329329329328e-07,0.016064453125
9.339339339339338e-07,0.015966796875
9.349349349349349e-07,0.016162109375
9.359359359359359e-07,0.016015625000000002
9.369369369369368e-07,0.016162109375
9.379379379379378e-07,0.016064453125
9.389389389389388e-07,0.016162109375
9.399399399399399e-07,0.016015625000000002
9.409409409409409e-07,0.01591796875
9.419419419419419e-07,0.016064453125
9.429429429429428e-07,0.01591796875
9.439439439439438e-07,0.016015625000000002
9.449449449449448e-07,0.016064453125
9.459459459459459e-07,0.016162109375
9.469469469469469e-07,0.016162109375
9.479479479479478e-07,0.01611328125
9.489489489489488e-07,0.015966796875
9.499499499499498e-07,0.016064453125
9.509509509509509e-07,0.016064453125
9.519519519519519e-07,0.016064453125
9.529529529529529e-07,0.015966796875
9.53953953953954e-07,0.016259765625
9.54954954954955e-07,0.016162109375
9.55955955955956e-07,0.01611328125
9.56956956956957e-07,0.016064453125
9.579579579579579e-07,0.01611328125
9.589589589589589e-07,0.016259765625
9.599599599599598e-07,0.016162109375
9.609609609609608e-07,0.016064453125
9.619619619619618e-07,0.016064453125
9.629629629629628e-07,0.016015625000000002
9.639639639639638e-07,0.016064453125
9.64964964964965e-07,0.015966796875
9.65965965965966e-07,0.016064453125
9.66966966966967e-07,0.01611328125
9.67967967967968e-07,0.016015625000000002
9.689689689689689e-07,0.016162109375
9.699699699699699e-07,0.016064453125
9.709709709709709e-07,0.01611328125
9.719719719719718e-07,0.015966796875
9.729729729729728e-07,0.016015625000000002
9.739739739739738e-07,0.016064453125
9.749749749749748e-07,0.016015625000000002
9.75975975975976e-07,0.016064453125
9.76976976976977e-07,0.01630859375
9.77977977977978e-07,0.01611328125
9.78978978978979e-07,0.015966796875
9.7997997997998e-07,0.01611328125
9.809809809809809e-07,0.016064453125
9.819819819819819e-07,0.01591796875
9.829829829829828e-07,0.016015625000000002
9.839839839839838e-07,0.01591796875
9.849849849849848e-07,0.01611328125
9.859859859859858e-07,0.015966796875
9.86986986986987e-07,0.0162109375
9.87987987987988e-07,0.015966796875
9.88988988988989e-07,0.01611328125
9.8998998998999e-07,0.016015625000000002
9.90990990990991e-07,0.016015625000000002
9.919919919919919e-07,0.01611328125
9.929929929929929e-07,0.01611328125
9.939939939939939e-07,0.015966796875
9.949949949949948e-07,0.01611328125
9.959959959959958e-07,0.015966796875
9.969969969969968e-07,0.016064453125
9.97997997997998e-07,0.016015625000000002
9.98998998998999e-07,0.016064453125
1e-06,0.016015625000000002
